Datetime,Water Level (m)
2025-03-19 00:00:00,0.0010821352
2025-03-19 01:00:00,0.00051910774
2025-03-19 02:00:00,-0.00027768884
2025-03-19 03:00:00,-0.00023610004
2025-03-19 04:00:00,-0.00022941302
2025-03-19 05:00:00,-0.0003859293
2025-03-19 06:00:00,-0.00053353986
2025-03-19 07:00:00,-0.0011230028
2025-03-19 08:00:00,-0.0013895794
2025-03-19 09:00:00,-0.0017759926
2025-03-19 10:00:00,-0.0015294576
2025-03-19 11:00:00,-0.0012127118
2025-03-19 12:00:00,-0.005668345
2025-03-19 13:00:00,-0.008345798
2025-03-19 14:00:00,0.19779973
2025-03-19 15:00:00,0.4115015
2025-03-19 16:00:00,0.51278394
2025-03-19 17:00:00,0.39422715
2025-03-19 18:00:00,0.4190403
2025-03-19 19:00:00,0.43764237
2025-03-19 20:00:00,0.42737564
2025-03-19 21:00:00,1.0196478
2025-03-19 22:00:00,1.245301
2025-03-19 23:00:00,1.2291695
2025-03-20 00:00:00,1.1361628
2025-03-20 01:00:00,1.0370302
2025-03-20 02:00:00,0.88806254
2025-03-20 03:00:00,0.9412296
2025-03-20 04:00:00,1.1553965
2025-03-20 05:00:00,1.0760815
2025-03-20 06:00:00,1.0953487
2025-03-20 07:00:00,0.87505496
2025-03-20 08:00:00,0.7927094
2025-03-20 09:00:00,0.84610265
2025-03-20 10:00:00,0.9133749
2025-03-20 11:00:00,1.499204
2025-03-20 12:00:00,1.6863141
2025-03-20 13:00:00,1.5448858
2025-03-20 14:00:00,1.4930022
2025-03-20 15:00:00,1.2486931
2025-03-20 16:00:00,1.0372367
2025-03-20 17:00:00,1.00593
2025-03-20 18:00:00,0.86331296
2025-03-20 19:00:00,1.1727043
2025-03-20 20:00:00,1.2952782
2025-03-20 21:00:00,1.3358432
2025-03-20 22:00:00,1.4127527
2025-03-20 23:00:00,1.3478736
2025-03-21 00:00:00,1.2894319
2025-03-21 01:00:00,1.1779047
2025-03-21 02:00:00,1.0204614
2025-03-21 03:00:00,1.5667355
2025-03-21 04:00:00,1.0821598
2025-03-21 05:00:00,1.0203056
2025-03-21 06:00:00,0.92790186
2025-03-21 07:00:00,0.9775628
2025-03-21 08:00:00,1.3151834
2025-03-21 09:00:00,1.1936313
2025-03-21 10:00:00,1.2786912
2025-03-21 11:00:00,1.2334487
2025-03-21 12:00:00,1.2267001
2025-03-21 13:00:00,1.1669899
2025-03-21 14:00:00,1.0554138
2025-03-21 15:00:00,1.7418641
2025-03-21 16:00:00,1.1942146
2025-03-21 17:00:00,1.1405276
2025-03-21 18:00:00,1.038478
2025-03-21 19:00:00,0.985523
2025-03-21 20:00:00,0.85066986
2025-03-21 21:00:00,0.8058761
2025-03-21 22:00:00,0.80515134
2025-03-21 23:00:00,1.107912
2025-03-22 00:00:00,1.4078653
2025-03-22 01:00:00,1.3186772
2025-03-22 02:00:00,1.1989112
2025-03-22 03:00:00,1.0072254
2025-03-22 04:00:00,0.9722107
2025-03-22 05:00:00,0.8498949
2025-03-22 06:00:00,0.77779335
2025-03-22 07:00:00,1.2478397
2025-03-22 08:00:00,1.3419101
2025-03-22 09:00:00,1.2510799
2025-03-22 10:00:00,1.0611737
2025-03-22 11:00:00,1.0843519
2025-03-22 12:00:00,1.0711321
2025-03-22 13:00:00,1.044477
2025-03-22 14:00:00,1.4682424
2025-03-22 15:00:00,1.3606172
2025-03-22 16:00:00,1.1671984
2025-03-22 17:00:00,1.2657477
2025-03-22 18:00:00,1.1143932
2025-03-22 19:00:00,0.9108159
2025-03-22 20:00:00,0.9048358
2025-03-22 21:00:00,0.81374055
2025-03-22 22:00:00,0.7899174
2025-03-22 23:00:00,1.1582402
2025-03-23 00:00:00,1.3795215
2025-03-23 01:00:00,1.2723584
2025-03-23 02:00:00,1.1020261
2025-03-23 03:00:00,0.97263867
2025-03-23 04:00:00,0.9407764
2025-03-23 05:00:00,0.83689064
2025-03-23 06:00:00,1.1237085
2025-03-23 07:00:00,1.1567193
2025-03-23 08:00:00,0.9923501
2025-03-23 09:00:00,0.8894402
2025-03-23 10:00:00,0.89559394
2025-03-23 11:00:00,0.8222831
2025-03-23 12:00:00,0.7998499
2025-03-23 13:00:00,0.8647362
2025-03-23 14:00:00,1.3843025
2025-03-23 15:00:00,1.5037959
2025-03-23 16:00:00,1.3630337
2025-03-23 17:00:00,1.2596984
2025-03-23 18:00:00,1.0378149
2025-03-23 19:00:00,0.9752388
2025-03-23 20:00:00,0.8841917
2025-03-23 21:00:00,0.76441413
2025-03-23 22:00:00,1.2137364
2025-03-23 23:00:00,1.1950121
2025-03-24 00:00:00,1.0681016
2025-03-24 01:00:00,0.97619593
2025-03-24 02:00:00,0.92534053
2025-03-24 03:00:00,0.8694914
2025-03-24 04:00:00,0.8444606
2025-03-24 05:00:00,1.1580544
2025-03-24 06:00:00,1.2478034
2025-03-24 07:00:00,1.110746
2025-03-24 08:00:00,1.0075194
2025-03-24 09:00:00,0.9271379
2025-03-24 10:00:00,0.8085856
2025-03-24 11:00:00,0.6961463
2025-03-24 12:00:00,0.64497334
2025-03-24 13:00:00,1.0340475
2025-03-24 14:00:00,1.2829461
2025-03-24 15:00:00,1.2887623
2025-03-24 16:00:00,1.2627679
2025-03-24 17:00:00,1.2490506
2025-03-24 18:00:00,1.1754459
2025-03-24 19:00:00,1.0488583
2025-03-24 20:00:00,1.4411639
2025-03-24 21:00:00,1.1777871
2025-03-24 22:00:00,1.0856289
2025-03-24 23:00:00,1.0987232
2025-03-25 00:00:00,1.056929
